"Country Name","Country Code","1960","1961","1962","1963","1964","1965","1966","1967","1968","1969","1970","1971","1972","1973","1974","1975","1976","1977","1978","1979","1980","1981","1982","1983","1984","1985","1986","1987","1988","1989","1990","1991","1992","1993","1994","1995","1996","1997","1998","1999","2000","2001","2002","2003","2004","2005","2006","2007","2008","2009","2010","2011"
"Arab World","ARB",,,,,,,,,,,,,,,,,,,,,,,,,,,,,,,0,,,,,0.0173162827202804,0.0383757228898181,0.134426957371112,0.268600018982096,0.61027949516258,1.15434632186791,1.56403238661889,2.6910576732793,3.6377301190284,5.43914118359356,8.15012638255108,10.920410694845,14.2521267897821,17.649919525526,22.5917409784447,26.8545660411496,
"Caribbean small states","CSS",,,,,,,,,,,,,,,,,,,,,,,,,,,,,,,0,,,,,0.193109858100437,0.553774127541325,0.904290980775005,1.94323167162433,3.38267841456912,4.94713348102981,8.37665935697773,11.8640925346007,15.071889862219,16.7658901477046,19.4593112666978,23.0256701632692,26.780842455037,28.5071835446155,32.5762187806136,35.2666760463743,
"East Asia & Pacific (all income levels)","EAS",,,,,,,,,,,,,,,,,,,,,,,,,,,,,,,0.00740263038883279,,,0.0810662317293038,0.11921904797036,0.212612614082698,0.471445576515504,1.09284700679652,1.90010513337929,3.43478329097591,5.62105679979303,7.2928793965481,9.03408793041564,10.5850830707577,12.6353249620825,14.7081373050621,16.6656638082867,20.8325648645346,25.3166006947227,29.7739285400428,35.189643851727,
"East Asia & Pacific (developing only)","EAP",,,,,,,,,,,,,,,,,,,,,,,,,,,,,,,0,,,0.00119710626450472,0.0041070983228711,0.0133105886283544,0.0343313853969357,0.0959442908588888,0.327444869849563,0.859968148423769,1.90609303627603,2.79754147118698,4.42906369876164,5.78965632816474,6.91495854008491,8.35437793405554,10.214831513968,14.4414300085654,19.3198479293532,24.047554332405,29.8175582116458,
"Euro area","EMU",,,,,,,,,,,,,,,,,,,,,,,,,,,,,,,0.0736177555773146,0.168299652403681,0.323843282217917,0.466555252659559,0.843205717509981,1.69543381159719,2.91638400304248,5.15446895157275,8.08262392807522,15.3775556652271,22.6882469383372,27.5660390982994,35.2423793245611,42.0897376197429,47.3694537157056,51.1961990168049,54.8050419738903,61.1990440747157,64.4643015717065,66.7791819685116,71.179514482397,
"Europe & Central Asia (all income levels)","ECS",,,,,,,,,,,,,,,,,,,,,,,,,,,,,,,0.0479626469794967,,0.261211925394392,0.316544923336769,0.56314541624203,1.02224938003582,1.84115655580137,3.35606025604449,5.42957038975197,9.14522706523402,13.0133094533309,16.1831837576396,23.0053598383039,28.2929215912029,32.3664163994557,35.2058827203279,38.081693643804,43.6773086038428,47.8849102562,51.7451774695415,57.6817791889119,
"Europe & Central Asia (developing only)","ECA",,,,,,,,,,,,,,,,,,,,,,,,,,,,,,,0,,,0.00910260052228074,0.0376184682293016,0.0891950191968011,0.19437897523606,0.379962978439701,0.707683996034173,1.14626573095894,2.0433754730016,2.9531281088037,5.24916492468661,7.6217134438281,11.1925142242434,12.9110737788398,15.5331970625657,20.9476532172378,25.8272319072894,30.4465150245286,39.3358706446135,
"European Union","EUU",,,,,,,,,,,,,,,,,,,,,,,,,,,,,,,0.0696563242848906,0.170863280053786,0.308552007052191,0.43569891071443,0.830161268186614,1.58791034432354,2.81642690944015,5.13391687016024,8.43724353113203,14.609054928395,20.5807095171445,25.3296152366881,35.1728078580037,41.8425285328878,46.7826560005788,50.9970453140685,54.5627001998765,60.2904217780628,63.9842221784489,67.0948477464053,70.8083679326567,
"Heavily indebted poor countries (HIPC)","HPC",,,,,,,,,,,,,,,,,,,,,,,,,,,,,,,0,,,,,,0.00858180427094556,0.0235120041077681,0.0435280317379367,0.106270895906555,0.192335534080738,0.297851674442316,0.439176595313596,0.652002133089929,0.964134624036999,1.53811661062596,2.45351712140314,2.94127341145708,3.73361379295656,3.88540344221936,5.2084669425026,
"High income","HIC",,,,,,,,,,,,,,,,,,,,,,,,,,,,,,,0.268416510196359,0.461586933861242,0.727376469334294,1.01059251206226,2.02767101941272,3.70624393912575,6.77921443794988,10.6839566641884,16.0358776143036,23.0652916597805,30.7305056774771,36.8350818781374,45.5017876444132,50.2208284044957,55.4100818538441,59.1311297712721,61.7775447047586,67.1860525988122,69.249002745673,70.5315020280095,73.4310419954704,
"High income: nonOECD","NOC",,,,,,,,,,,,,,,,,,,,,,,,,,,,,,,0,,,,,0.904688798172696,1.89124739322303,4.49510420661666,7.52099700913806,11.6119620093309,16.2402748505761,21.2711407534284,27.0199451439592,30.7953502727637,33.3652070587089,35.9614933941653,40.9697092736432,46.4636926973042,51.3960826916862,55.1517322521869,58.5716464152156,
"High income: OECD","OEC",,,,,,,,,,,,,,,,,,,,,,,,,,,,,,,0.287526746723462,0.474226095275545,0.739127435797803,1.02675632901237,2.07184152775635,3.90531320656639,7.14273825619718,11.1506823077559,16.682448217745,23.9430405743403,31.8496963215312,38.0498396949039,46.9905202420873,51.8016246107731,57.2297564802292,61.037537656906,63.5229741137948,68.9617075811399,70.8121124638351,71.8796470395831,74.7693114912303,
"Latin America & Caribbean (all income levels)","LCN",,,,,,,,,,,,,,,,,,,,,,,,,,,,,,,0,,0.0136536988093003,0.0299076184135959,0.0501009268422166,0.110150753211433,0.309512678176976,0.60974241209062,1.22972414300525,2.05472379479575,3.89696856555908,5.64333177988682,8.87023991386863,11.2830864619877,14.4142368902846,16.6369854235963,20.7826728736535,23.7580768358441,26.5172627729808,30.8782277875787,34.1227794485159,
"Latin America & Caribbean (developing only)","LAC",,,,,,,,,,,,,,,,,,,,,,,,,,,,,,,0,,0.0136536988093003,0.0299103482733362,0.0500759534514429,0.108443329523909,0.307334086196643,0.60067456973555,1.21234977143999,2.0175488127593,3.83203822038364,5.53471491147703,8.75542740190654,11.1644759959053,14.3062581194356,16.5346449194374,20.7063237332393,23.6914726394606,26.4042662547717,30.7658390574238,34.0044990031706,
"Least developed countries: UN classification","LDC",,,,,,,,,,,,,,,,,,,,,,,,,,,,,,,0,,,,,,,0.00854977519630435,0.0211408120903536,0.0573494439084287,0.10824391495123,0.157544830084872,0.254776245242637,0.375377414423533,0.573829467895439,0.977062643931944,1.75768841135795,2.29426796575924,3.06576880891809,3.37981141904219,4.83819647535239,
"Low & middle income","LMY",,,,,,,,,,,,,,,,,,,,,,,,,,,,,,,0,,,,0.0143304579728736,0.0399221664487744,0.0829249655069777,0.163648670067675,0.371007683952707,0.740874663329539,1.50960507855138,2.11868317381787,3.53847540531085,4.63439037332753,5.84386820634682,7.03665109695091,8.69045696626527,11.3771809194168,14.430335477573,17.6755053348703,21.5058019875729,
"Low income","LIC",,,,,,,,,,,,,,,,,,,,,,,,,,,,,,,0,,,,,,,0.00971756222017453,0.0227721292928586,0.0571966612925601,0.124931282690222,0.192374674123818,0.341074911366098,0.561589563559555,0.701888370220463,1.11584342419959,1.79141284002035,2.2033389494675,2.82986046180975,3.2958362079523,5.63485114393336,
"Lower middle income","LMC",,,,,,,,,,,,,,,,,,,,,,,,,,,,,,,0,,,,0.00207342251759323,0.0227146974667819,0.0395556437153388,0.079841096720185,0.17073882798371,0.298457293936989,0.587586235061897,0.918246879179494,1.70434534092003,2.2282685184805,2.89171689066855,3.88824520421794,4.89342129350351,6.28729448962966,8.5215788068967,10.8385975293394,13.5394788491511,
"Middle East & North Africa (all income levels)","MEA",,,,,,,,,,,,,,,,,,,,,,,,,,,,,,,0.00196798724897795,,,,,0.0374742489086128,0.0850134068166138,0.230810340018254,0.493557028715992,0.929004834867892,1.70483488598464,2.07549165844007,3.74408593134794,5.10461608801281,6.89025796353203,9.50702150407597,11.4945374740901,15.1076188846013,18.4367636005743,21.8942295896444,25.2415142907971,
"Middle East & North Africa (developing only)","MNA",,,,,,,,,,,,,,,,,,,,,,,,,,,,,,,0,,,,0.00287052384790227,0.01344862518659,0.0264445544367244,0.0776058411871106,0.165079918228833,0.427938030330335,0.856939252333187,1.14771959671608,2.81629705982955,4.04524124355087,5.78764098982398,8.30183501160517,9.65315004335881,11.8824567370562,14.562701571933,18.0053300678324,20.9391864508261,
"Middle income","MIC",,,,,,,,,,,,,,,,,,,,,,,,,,,,,,,0,,,0.00643367792465572,0.0145583817539993,0.0416570678132253,0.0893911365038352,0.18251785431038,0.415159389299384,0.836255616290046,1.69644996997307,2.40241082715775,4.0141248572768,5.24924596452146,6.62635137757188,7.94049850805399,9.7376006251001,12.813237680639,16.2544766164085,19.9469587662918,23.7900461578915,
"North America","NAC",,,,,,,,,,,,,,,,,,,,,,,,,,,,,,,0.752510267207323,1.11524386787443,1.65356360053318,2.16954705954881,4.62019276171818,8.73361720936235,15.4591231922641,20.9608638602996,29.5824009063415,35.8995040294473,43.9165875102376,50.2414812856421,59.1998543615266,62.1558482483707,65.1158906035549,68.5954902469283,69.5308844487139,75.0694394943003,74.4665456304636,72.1014971270485,74.9539058158361,
"Not classified","INX",,,,,,,,,,,,,,,,,,,,,,,,,,,,,,,,,,,,,,,,,,,,,,,,,,,,
"OECD members","OED",,,,,,,,,,,,,,,,,,,,,,,,,,,,,,,0.246601635771162,0.433304861681409,0.667132382317929,0.880230909187341,1.77397618042201,3.34097695066647,6.10529839014062,9.55271346809152,14.2995060683389,20.592116397378,27.7743003609605,33.2613670840333,41.4886795989693,45.6856048323029,50.477626480777,54.1223650675572,56.5808112999254,61.8380100348156,63.7832529252002,65.1969122433537,68.2907707890267,
"Other small states","OSS",,,,,,,,,,,,,,,,,,,,,,,,,,,,,,,0,,,,,,0.0670187666349921,0.131385392532833,0.425813324467913,0.795701507164765,1.64638118675411,2.12501133312875,2.68743264389948,3.28469873872229,4.72547404870985,5.40742321106496,6.21731773878892,7.2370269111393,8.46310921612778,8.99019172062525,10.8776343519379,
"Pacific island small states","PSS",,,,,,,,,,,,,,,,,,,,,,,,,,,,,,,0,,,,,,,,0.611918154624388,0.870505254269051,1.45896502752636,1.85781883050626,2.76396357686304,4.55346871565109,5.18101398310483,3.77002821165517,4.36664915017622,4.96387366888174,5.60357550489845,6.2778127398264,7.18216750992945,
"Small states","SST",,,,,,,,,,,,,,,,,,,,,,,,,,,,,,,0,,,,,,0.238407377666305,0.370113753186187,0.880932632272005,1.52498562675382,2.54531035026005,3.77245601512943,4.90367099255046,6.21109304901043,7.65181581020666,8.4353532789471,9.82367509200056,11.382413944076,13.0485365070584,14.4326591911604,16.2791484881838,
"South Asia","SAS",,,,,,,,,,,,,,,,,,,,,,,,,,,,,,,0,,0.000108882036151605,0.000213397462541912,0.00107756475607868,0.0224691523880465,0.0407904598704709,0.0601981944460084,0.117333119069523,0.226935680171885,0.475064312180368,0.66200334541163,1.45978704349359,1.83863004494292,2.17878154745947,2.54244598630681,3.03857317631966,4.31119681499367,5.32910254285426,6.10547654936233,8.13155820114062,
"Sub-Saharan Africa (all income levels)","SSF",,,,,,,,,,,,,,,,,,,,,,,,,,,,,,,0,,,,,,0.068461400118506,0.128316571635262,0.233176797036278,0.358230253733316,0.507047790878689,0.652882978694529,0.897227061440418,1.20207526196523,1.59191997583237,2.31506617247767,3.56907180954218,4.15770495388832,6.49737595128841,9.38962547320293,11.2501569398878,
"Sub-Saharan Africa (developing only)","SSA",,,,,,,,,,,,,,,,,,,,,,,,,,,,,,,0,,,,,,0.068461400118506,0.128383126246468,0.233283807138873,0.35843271200354,0.507340488600868,0.653266354358832,0.897682979944962,1.202618160943,1.59251933592598,2.31600885319858,3.5709561044178,4.15981813591528,6.50119026685058,9.39592616807759,11.2547797168714,
"Upper middle income","UMC",,,,,,,,,,,,,,,,,,,,,,,,,,,,,,,0,,,0.00991578174474698,0.0230014017963633,0.0565411127932725,0.133997920665148,0.275914055926705,0.639700104619841,1.33416320840488,2.66158041727127,3.81592915270609,6.2332934714552,8.19508248972987,10.2875301739124,11.9350211396943,14.534773407219,19.2804685102815,24.0579232741945,29.0592048893449,34.1307013055671,
"World","WLD",,,,,,,,,,,,,,,,,,,,,,,,,,,,,,,0.0496943347096286,,,0.254560570885377,0.450768835125669,0.782474550832472,1.33297248924872,2.05061365611064,3.15104957912767,4.63521642493324,6.73455831437716,8.04638279673724,10.5541888209558,12.2407521192141,14.0622172538307,15.7612664445302,17.5421638703885,20.656289577577,23.479781246093,26.4195713239976,30.1569535488672,
"Afghanistan","AFG",,,,,,,,,,,,,,,,,,,,,,,,,,,,,,,0,,,,,,,,,,,0.00418834568150634,0.00409211368141068,0.0798750785501623,0.0971635151774643,1.13039782093922,1.94742344308268,1.75120215044246,1.68848543147452,3.24630560043687,3.65412162280064,
"Albania","ALB",,,,,,,,,,,,,,,,,,,,,,,,,,,,,,,0,,,,,0.011168695486794,0.0321968282260578,0.0485939187626304,0.0650273700200414,0.0814370446040466,0.114097346552109,0.325798377067964,0.39008127343332,0.971900415195858,2.42038779776014,6.04389086404814,9.60999131577118,15.0361154084109,23.86,41.2,44.9899469578783,
"Algeria","DZA",,,,,,,,,,,,,,,,,,,,,,,,,,,,,,,0,,,,0.000360673567987076,0.00176895401501439,0.00173853322594298,0.010268463150268,0.0202385545408469,0.199523842999477,0.491705679141589,0.646114016703792,1.59164126035832,2.19535973086144,4.63447508776537,5.84394209201256,7.37598495634886,9.45119062555304,10.18,11.23,12.5000733055148,
"American Samoa","ASM",,,,,,,,,,,,,,,,,,,,,,,,,,,,,,,0,,,,,,,,,,,,,,,,,,,,,
"Andorra","AND",,,,,,,,,,,,,,,,,,,,,,,,,,,,,,,0,,,,,,1.52660102282269,3.05017538508464,6.88620921833874,7.63568614275679,10.53883560922,,11.2604687170103,13.546412876439,26.8379543894637,37.6057662174867,48.9368469989479,70.87,70.04,78.53,81,
"Angola","AGO",,,,,,,,,,,,,,,,,,,,,,,,,,,,,,,0,,,,,,0.000775928524568031,0.00567374598866159,0.0184537240759316,0.0719640870420025,0.105045562462262,0.136013867429868,0.270376745595134,0.370682065225727,0.464814617985909,1.1433668265595,1.90764750723429,3.2,4.6,6,9.99995388324075,
"Antigua and Barbuda","ATG",,,,,,,,,,,,,,,,,,,,,,,,,,,,,,,0,,,,,2.20076880190146,2.85844957694946,3.48053683800189,4.0717164999525,5.30068113752617,6.48222573702907,8.89928551450583,12.5,17.2286487816884,24.2665437161785,34.7164029018124,62.6388691911313,70.06,75.03,74.2,80.6454545454545,
"Argentina","ARG",,,,,,,,,,,,,,,,,,,,,,,,,,,,,,,0,,0.00299287414623027,0.0295270652905125,0.0437059511392524,0.0862770809737151,0.14195470435477,0.280339881830012,0.830766679676473,3.28448195590463,7.0386830862178,9.78080728532407,10.8821243775325,11.9136965509954,16.0366841054923,17.7205833696065,20.9272021035896,25.9466329403819,28.1126234799907,34,36.0003349500148,
"Armenia","ARM",,,,,,,,,,,,,,,,,,,,,,,,,,,,,,,0,,,,0.00911701414140063,0.0527431233050454,0.0945729024675962,0.111650934518322,0.128659477603923,0.970737757459877,1.30047002237784,1.63109466677715,1.9604050458212,4.57521722477781,4.8990085713054,5.25298335195804,5.63178777731609,6.02125339712607,6.21,15.3,44.0010245795602,
"Aruba","ABW",,,,,,,,,,,,,,,,,,,,,,,,,,,,,,,0,,,,,,2.76838266270266,,,4.50617909808825,15.4428229480349,17.1,18.8,20.8,23,25.4,28,30.9,34.2,37.7,41.8008888888889,
"Australia","AUS",,,,,,,,,,,,,,,,,,,,,,,,,,,,,,,0.58615939662668,1.09952938722111,1.77224976865976,1.9813632756139,2.24045435106477,2.76674239092683,3.27679475211321,16.3765657726039,30.8525616849025,40.8309634522625,46.7838255614628,52.605638878509,,,,63.0269362778748,66.1479410954735,69.6065092703761,71.7210626039026,74.0829081574548,75.8956537961344,
"Austria","AUT",,,,,,,,,,,,,,,,,,,,,,,,,,,,,,,0.130244795092376,0.25790175516329,0.637697350734785,0.75895250892623,1.3860681002979,1.88720122773763,6.91041848299194,9.53817651947742,15.4199201702109,23.0223174762498,33.7012763796741,39.1668716337319,36.564985069829,42.7673616433967,54.370247849783,58.0307840622356,63.63512804583,69.4451715560017,72.9126542828856,73.4883174253088,72.7315755423123,
"Azerbaijan","AZE",,,,,,,,,,,,,,,,,,,,,,,,,,,,,,,0,,,,0.00144511991670941,0.00207689984044869,0.00642196131531754,0.0254303636126601,0.0377818823389507,0.0999320309703565,0.148898040284241,0.308588338186875,5.06597436141432,,,8.21798251660315,12.299126926217,14.9461636908161,17.4312125430769,27.7655306332912,46.6797015683676,
"Bahamas, The","BHS",,,,,,,,,,,,,,,,,,,,,,,,,,,,,,,0,,,,,0.960030720983071,1.74695069755741,1.36295390281695,2.33559071038067,3.76455782177031,8,11.8,18,20,22,25,26,27,31.54,33.88,42.9845801749271,
"Bahrain","BHR",,,,,,,,,,,,,,,,,,,,,,,,,,,,,,,0,,,,,0.346205843608434,0.843254219222486,1.64629920170952,3.21820215136814,4.72035811783587,6.15373254647607,15.0386342513918,18.0507208881153,21.5549449917804,21.4586805077435,21.3037335136591,28.2439524318043,32.91,51.95,53,54.9928090332805,
"Bangladesh","BGD",,,,,,,,,,,,,,,,,,,,,,,,,,,,,,,0,,,,,,,0.000751045829439881,0.00368481262469867,0.0361704074704913,0.0710394230507683,0.129807973947512,0.13992028850905,0.163877665498048,0.199036333744363,0.24163732563671,1,1.8,2.5,3.1,3.70000325975843,
"Barbados","BRB",,,,,,,,,,,,,,,,,,,,,,,,,,,,,,,0,,,,,0.007752238458855,0.389464214080689,0.783428911660556,1.97024923652842,2.37624703464172,3.97367835457927,11.9364503383984,27.836322424146,39.6896271159532,49.8,56.0708546066945,63,64.7,66.5,68.7,70.028599270073,
"Belarus","BLR",,,,,,,,,,,,,,,,,,,,,,,,,,,,,,,0,,,,0.000489092989971985,0.00294424585618315,0.0295415449534016,0.0494442916005171,0.0745174895316079,0.498457508221815,1.87021797873181,4.31767566939885,8.98558744887689,,,,16.2737767891087,19.753256194599,23.1884888564882,27.8022424403071,32.0521439093783,
"Belgium","BEL",,,,,,,,,,,,,,,,,,,,,,,,,,,,,,,0.00100488519512178,0.0200161436803134,0.0996357998151837,0.198409893674406,0.69199896200957,0.986092864784365,2.95133032233238,4.90517102448325,7.82914849008086,13.6671049583486,29.2147391047565,31.0593391815419,45.9768569896693,49.6183218507319,53.5284818710281,59.4423710963002,63.7360378890398,68.7032164149185,65.335647624882,69.121117385062,73.7339344713656,
"Belize","BLZ",,,,,,,,,,,,,,,,,,,,,,,,,,,,,,,0,,,,,0.0461962961059473,0.900316339292283,1.30228609440415,2.09113930440129,4.09973197250313,5.9808339045479,,5.62995932699632,,5.63483569804286,8.86772772975755,9.90638478287107,10.2193471589085,10.507204191245,10.751256122449,12.6457333333333,
"Benin","BEN",,,,,,,,,,,,,,,,,,,,,,,,,,,,,,,0,,,,,,0.0016931001934367,0.0246487957420027,0.0478773038758114,0.15490674072035,0.225247851473369,0.363417890016082,0.7029455951039,0.951327114915695,1.18254096518994,1.27103143947107,1.53785434624705,1.79,1.85,2.24,3.12996180338983,
"Bermuda","BMU",,,,,,,,,,,,,,,,,,,,,,,,,,,,,,,0,,,,,6.80546884194538,16.1801864569983,24.2353739151253,32.2678891003535,40.2762373142808,43.435829202806,48.0056384870861,52.5606198261681,57.0734245804125,61.5543486447673,66.0236012129188,70.4781350664877,74.9337815021918,82.8858426791277,83.7696661490683,84.6545140866873,
"Bhutan","BTN",,,,,,,,,,,,,,,,,,,,,,,,,,,,,,,0,,,,,,,,,0.137571514258829,0.40094444691941,0.864628564215099,1.67580258375242,2.43691239949767,3.15698419613711,3.84710674490143,4.5183172581646,5.92,6.55,7.17,13.5988760330579,
"Bolivia","BOL",,,,,,,,,,,,,,,,,,,,,,,,,,,,,,,0,,,,,0.0668075682820113,0.196081173945832,0.44783903590236,0.626484062433397,0.981815187281861,1.4427635847914,2.1204625341365,3.11719294696997,3.50859640072336,4.43992460120042,5.22758395663196,6.20067125473576,10.4992443168903,10.83,14.3,20.0017101420083,
"Bosnia and Herzegovina","BIH",,,,,,,,,,,,,,,,,,,,,,,,,,,,,,,0,,,,,,0.015125563351607,0.0594255627972207,0.143671059936118,0.194374199768361,1.08296074971207,1.20052695129649,2.64826791361244,3.96503683387051,15.4689716227665,21.3267010007738,25.1223856852117,27.92,34.66,37.74,52.0020606382979,
"Botswana","BWA",0,,,,,0,,,,,0,,,,,0,0,0,0,0,0,0,0,0,0,0,0,0,0,0,0,0,,,,0.0645210409566664,0.157454229629989,0.307746849903244,0.602400929143193,1.12239147360549,2.90266662177209,3.43088678702599,3.38592235064273,3.3451901740614,3.30488925316113,3.26255403605122,4.28993297515968,5.28,6.25,6.15,5.9998355754858,
"Brazil","BRA",,,,,,,,,,,,,,,,,,,,,,,,,,,,,,,0,0.00328817070330394,0.0129462623564468,0.0254982532389746,0.0376727093587832,0.105138167818006,0.450789178949525,0.786079155026595,1.47787495863132,2.03873218351945,2.87068515854108,4.52849486902851,9.14942508560748,13.2075861035303,19.073672274442,21.0227472488271,28.1783801797929,30.88,33.83,39.22,40.6500980040627,
"Brunei Darussalam","BRN",,,,,,,,,,,,,,,,,,,,,,,,,,,,,,,0,,,,,1.0170801662587,3.30334992716113,4.83105790506005,6.28474284403468,7.67104120576494,8.99628453448726,12.9177690823013,15.329879855735,19.5950032207342,29.7156041447864,36.4663919475782,42.1863491609307,44.68,46,49,49.9899749373434,
"Bulgaria","BGR",,,,,,,,,,,,,,,,,,,,,,,,,,,,,,,0,,,0.00236062685508077,0.01954142321752,0.118961697545356,0.717462120910742,1.2030745915706,1.81669845909667,2.85729778327125,5.2631036285917,7.5434658243047,9.10792383981227,12.0654848785533,18.1486841616566,19.967974592695,27.0565730183842,33.5544437295979,39.503101143257,44.7481170727308,45.9865899070879,
"Burkina Faso","BFA",,,,,,,,,,,,,,,,,,,,,,,,,,,,,,,0,,,,,,0.000960518557074445,0.0186863531133987,0.0454234840502703,0.0617802926867843,0.0770801689426014,0.157732464653607,0.200992597925001,0.373440303233526,0.400295285492178,0.469914488656657,0.632707564461829,0.75,0.92,1.13,1.4000606995385,
"Burundi","BDI",0,,,,,0,,,,,0,,,,,0,0,0,0,0,0,0,0,0,0,0,0,0,0,0,0,0,0,0,0,0,0.000803592121068546,0.0079794385826602,0.0158427762881167,0.0392044691840327,0.077248447383456,0.106001245363203,0.118228412267794,0.201273196735924,0.349060461879596,0.542142865759056,0.657592590351907,0.7,0.81,1.9,2.10021270579814,
"Cambodia","KHM",,,,,,,,,,,,,,,,,,,,,,,,,,,,,,,0,,,,,,,0.00584491064008368,0.016324986068665,0.0319695777498133,0.047022640068885,0.0769560555527296,0.226983237666204,0.260570197574002,0.300436644360101,0.317321781089656,0.468356720063827,0.49,0.51,0.53,1.25993360916614,
"Cameroon","CMR",,,,,,,,,,,,,,,,,,,,,,,,,,,,,,,0,,,,,,,0.00676874429437161,0.0132163405248288,0.129067580946992,0.252120077733662,0.277051321848797,0.360871584267755,0.587622611130454,0.976075415490902,1.40265422575955,2.0287447914719,2.93,3.4,3.84,3.99997734578295,
"Canada","CAN",,,,,,,,,,,,,,,,,,,,,,,,,,,,,,,0.359828721528552,0.567957183734134,0.911695416646514,1.17926228983583,2.37028812685731,4.15616270354977,6.73980803771122,15.0035186617439,24.7871625997201,36.0495484852611,51.1293845731353,59.9779166395877,61.4356473674186,64.0633186134613,65.8500154498253,71.5966011258975,72.5153561230245,73.3058129806276,76.7203863621998,80.1708665095944,81.3383926859286,
"Cape Verde","CPV",,,,,,,,,,,,,,,,,,,,,,,,,,,,,,,0,,,,,,,0.240967919940818,0.472735008391046,1.15998246106519,1.82244385164396,2.68533271272311,3.5187571749658,4.32488539053715,5.31883206957883,6.07408710659813,6.80891100753313,8.28321981953034,20,25,29.999939516129,
"Cayman Islands","CYM",,,,,,,,,,,,,,,,,,,,,,,,,,,,,,,0,,,0,0,3.94896719319563,,,,,,,,,,38.0343830823064,44.5,52,61,64.5,66,
"Central African Republic","CAF",,,,,,,,,,,,,,,,,,,,,,,,,,,,,,,0,,,,,,0.00584950282150769,0.0142708807245497,0.02787820125385,0.0408942871771328,0.0533941742150456,0.0785434278394038,0.128537116506299,0.151563337940017,0.223401395464406,0.268195609199012,0.311159173235716,0.375815961044796,1,1.8,2.3000266530334,
"Chad","TCD",,,,,,,,,,,,,,,,,,,,,,,,,,,,,,,0,,,,,,,0.000658168309696096,0.00426850447657814,0.0123217277033717,0.03570707628555,0.0459341343557353,0.166069664674347,0.320308555366775,0.360920107034467,0.399257700084004,0.581045764229641,0.847224520710968,1.19,1.5,1.70003149550191,
"Channel Islands","CHI",,,,,,,,,,,,,,,,,,,,,,,,,,,,,,,,,,,,,,,,,,,,,,,,,,,,
"Chile","CHL",,,,,,,,,,,,,,,,,,,,,,,,,,,,,,,0,,0.0365489381510097,0.0717831442696916,0.141084506727297,0.346980781428478,0.683475610172851,1.05709249598086,1.66232202183041,4.103419297232,16.6,19.1,22.1,25.4737788864723,28.1779101232438,31.1753470303684,34.4977511736017,35.9,37.3,38.8,45,
"China","CHN",,,,,,,,,,,,,,,,,,,,,,,,,,,,,,,0,,,0.000170147087789813,0.00117760929337553,0.00499226130487028,0.013173925194888,0.0325996171812914,0.169501807882406,0.711999280925232,1.78501572031443,2.65221416328913,4.61556660668374,6.22404474914623,7.32521696522192,8.54858049412311,10.5517388932672,16.0436691820607,22.6617699268111,28.9765993916087,34.3777895192408,
"Colombia","COL",,,,,,,,,,,,,,,,,,,,,,,,,,,,,,,0,,,,0.107173945315899,0.188046790408001,0.330017772736723,0.550521023153909,1.12622524463277,1.69773079358943,2.207532992624,2.85419997133433,4.6,7.38892371052557,9.1186903029666,11.0072638904585,15.3416745365682,21.8,25.6,30,36.4998746408899,
"Comoros","COM",,,,,,,,,,,,,,,,,,,,,,,,,,,,,,,0,,,,,,,0,0.0378709698187306,0.148162964444593,0.271740607285909,0.443068372538977,0.554869674985088,0.848189370151537,1.32732717785355,3.24431474395057,3.32926951070836,3.42334722809561,3.48104043758192,3.59449376806492,5.09826530612245,
"Congo, Dem. Rep.","COD",,,,,,,,,,,,,,,,,,,,,,,,,,,,,,,0,,,,,,0.000108206731817796,0.000211213230126382,0.000413065168672064,0.00100907613529895,0.0059021136806903,0.0114757819210493,0.0927907024606925,0.134914837437335,0.196208375178039,0.238037798692792,0.29605361030881,0.37,0.44,0.56,0.720008677328887,
"Congo, Rep.","COG",,,,,,,,,,,,,,,,,,,,,,,,,,,,,,,0,,,,,,0.00352686039240554,0.00346910364259352,0.00341514308595744,0.0167910491618412,0.0263547320580279,0.0322236164306931,0.157249517243982,0.460014186837522,1.07750492958505,1.46342005950851,2.00799007938159,2.75970437370903,4.28750990276481,4.5,4.99987509275291,
"Costa Rica","CRI",,,,,,,,,,,,,,,,,,,,,,,,,,,,,,,0,,0.00111332539161221,0.0815097538496,0.279912478734018,0.416829206101345,0.841057040488486,1.64022128772133,2.66637869776731,3.90432325714263,5.80025302331829,9.55948213497093,19.8948511346293,20.3336148143541,20.7923067055542,22.07,25.1,28.4,32.29,34.33,36.4991147241897,
"Cote d'Ivoire","CIV",,,,,,,,,,,,,,,,,,,,,,,,,,,,,,,0,,,,,0.000200255606255825,0.00840977984943001,0.0188283612861277,0.060974438600722,0.118685916651984,0.231461670612799,0.395747702246439,0.497929360753307,0.758669629452205,0.849282414747704,1.03923820514001,1.52490079122527,1.8,2,2.3,2.59997365487891,
"Croatia","HRV",,,,,,,,,,,,,,,,,,,,,,,,,,,,,,,0,,,0.0969822557928155,0.268815992537865,0.514028699935746,0.89008196404498,1.74980700206325,3.33266475201236,4.39185670334145,6.76428775010446,11.666921788327,17.864052,22.8349896959459,30.9832676323496,33.1398955515534,37.9268878783784,41.3465357980162,50.4218272891295,56.0385970353198,60.1197070167497,
"Cuba","CUB",,,,,,,,,,,,,,,,,,,,,,,,,,,,,,,0,,,,,0.0000916580118588969,0.0319490013609362,0.068220213758489,0.226699198908507,0.314690541189058,0.541182548811058,1.07975172188907,3.77058503769014,5.2412690536929,8.40798475900703,9.73806220781347,11.1596013147617,11.69,12.94,14.33,15.8999703410908,
"Curacao","CUW",,,,,,,,,,,,,,,,,,,,,,,,,,,,,,,,,,,,,,,,,,,,,,,,,,,,
"Cyprus","CYP",,,,,,,,,,,,,,,,,,,,,,,,,,,,,,,0,,0.0500604300906094,0.0563674821632149,0.111034620594701,0.410120684846861,0.673343541221418,4.37827209501647,8.8905391589027,11.3423986595347,15.2553943710137,18.8187590408455,28.32,30.09,33.83,32.81,35.83,40.77,42.31,49.81,53.0247448294886,
"Czech Republic","CZE",,,,,,,,,,,,,,,,,,,,,,,,,,,,,,,0,,,0.580760599476914,1.25787424473885,1.45246165169138,1.93939532958047,2.91339338703628,3.88997726641176,6.8171715379587,9.75250496452887,14.6816802374108,23.940897041829,34.2729998309064,35.4501311959574,35.2176592123275,47.881748575878,51.8263074357277,62.6862273270931,64.1385247823581,68.6381334713247,
"Denmark","DNK",,,,,,,,,,,,,,,,,,,,,,,,,,,,,,,0.0972790652427368,0.194084375287947,0.386964079480806,0.578635602032511,1.34582888743876,3.82564984137035,5.70645185660979,11.366027029389,22.6492152464976,30.5845044464667,39.1715871937984,42.9356562983023,64.1851755072749,76.1738877195638,80.8664632197883,82.7401832073915,86.7356098057997,85.1497579758298,85.0771224006898,86.8679713385339,88.7702538741662,
"Djibouti","DJI",,,,,,,,,,,,,,,,,,,,,,,,,,,,,,,0,,,,,0.0160308304932045,0.0311662407280434,0.0829414975916805,0.0946960039743184,0.10576190879093,0.194500528399956,0.343526262964202,0.48697170451894,0.625940229399888,0.781317175068661,0.953611449300569,1.27004115919322,1.62,2.26,4,6.49792350956131,
"Dominica","DMA",,,,,,,,,,,,,,,,,,,,,,,,,,,,,,,0,,,,,0.548762736535662,1.16551814566063,,2.92534519073251,2.93216437713498,8.81484419762881,13.2452280386761,18.4248927671241,23.6204198529629,30.3196130921568,38.5436432637571,39.39817430347,40.2744630071599,41.16,42.02,47.2804360294118,
"Dominican Republic","DOM",,,,,,,,,,,,,,,,,,,,,,,,,,,,,,,0,,,,,0.0172336008439541,0.0749870526387339,0.142687565480216,0.233914189047576,1.10474387376368,3.70469235587688,4.42939069666645,6.8237257325842,7.89839293716387,8.8655534607044,11.4831977789344,14.8449283654589,17.66,20.82,27.72,39.5312742621134,
"Ecuador","ECU",,,,,,,,,,,,,,,,,,,,,,,,,,,,,,,0,,0.00511803538907445,0.0164007512637462,0.034833586115011,0.043833641162384,0.086161275641811,0.110217959406047,0.125272771019497,0.823371634386107,1.46218853556457,2.67044367376705,4.26079691519764,4.46022834472698,4.83444263759526,5.99425516097331,7.2,10.8,18.8,24.6,28.9994767369513,
"Egypt, Arab Rep.","EGY",,,,,,,,,,,,,,,,,,,,,,,,,,,,,,,0,,,0.000975791364357015,0.00638326960356752,0.031319638236881,0.0614668989377844,0.0904802447092506,0.147987376854339,0.290445278316066,0.641265037504813,0.838945611477604,2.71999971465421,4.03788510706701,5.1506662320737,11.6983982081957,12.5527999697616,16.05,18.01,24.28,26.7400253815905,
"El Salvador","SLV",,,,,,,,,,,,,,,,,,,,,,,,,,,,,,,0,,,,,,0.0863895807254479,0.256960679362922,0.425253672320613,0.845428741432214,1.17739726914477,1.5,1.9,2.5,3.2,4.2,5.5,6.11,10.08,12.11,15.8999820280962,
"Equatorial Guinea","GNQ",,,,,,,,,,,,,,,,,,,,,,,,,,,,,,,0,,,,,,,0.0414622921184329,0.0944237738972509,0.0974159446521569,0.132354665123789,0.16526042288306,0.321197997152044,0.520524272046806,0.843930284607049,1.14978967061811,1.27919359635686,1.55712305943539,1.82,2.13,6.00343714285714,
"Eritrea","ERI",,,,,,,,,,,,,,,,,,,,,,,,,,,,,,,0,,,0,0,0,0,0.00901771801235067,0.0087742362685396,0.0254950284694485,0.136711941104496,0.157815289303043,0.227090137626716,0.725623231746887,1.1610256686521,1.78846005094428,2.15938321105466,2.5098464413201,4.06,,5.39966699657404,
"Estonia","EST",,,,,,,,,,,,,,,,,,,,,,,,,,,,,,,0,,0.0652528160824538,0.301362566453187,1.16332092894888,2.78685294318828,3.5354031226637,5.72117080045706,10.8291981388493,14.5463082732054,28.6027030436889,31.4979522683762,41.4588802364711,45.2663615939336,53.1668409311564,61.4390438801959,63.5332097648984,66.249250092422,70.6573883305052,72.5734590243316,74.1630402985075,
"Ethiopia","ETH",,,,,,,,,,,,,,,,,,,,,,,,,,,,,,,0,,,,,0.0000175491225386083,0.0017034482886673,0.00496672048936104,0.00966351744980805,0.0125415989159042,0.0152637672082567,0.0371623810686744,0.0724022618698295,0.105811658802603,0.155334520794722,0.219659818999505,0.310592656856176,0.37,0.45,0.54,0.749995849909584,
"Faeroe Islands","FRO",,,,,,,,,,,,,,,,,,,,,,,,,,,,,,,0,,,,,0,2.31878681074062,4.60129756591359,11.3378684807256,22.297538351766,32.916392363397,43.2469835228993,53.2992218313613,58.9126409695338,66.5335994677312,67.9026317413939,69.359445124439,75.98,75.57,75.18,75.2,
"Fiji","FJI",,,,,,,,,,,,,,,,,,,,,,,,,,,,,,,0,,,0.00667844744796488,0.00790739908511393,0.00911534294524544,0.0644371415684,0.223454841691821,0.633167865464492,0.942462062760433,1.4968547339902,1.8579785936093,6.15264970011985,6.72543473821551,7.4129434854202,8.45363663371359,9.6000384001536,10.8978310454645,12.2,13.45,14.8307358837209,
"Finland","FIN",,,,,,,,,,,,,,,,,,,,,,,,,,,,,,,0.401088473900471,1.39616278568919,1.88417556257928,2.56589970507484,4.91320045287917,13.9003365447679,16.7820530186297,19.4564945694357,25.4403061282707,32.2733412113397,37.228032039843,43.0818664787519,62.3904695479251,69.1878797755003,72.3608538758863,74.4550980691165,79.6549780147915,80.8061338433496,83.7162173930473,82.5313309761558,86.89884450783,
"France","FRA",,,,,,,,,,,,,,,,,,,,,,,,,,,,,,,0.0514399695197691,0.136521246874145,0.271818065645377,0.57515722360949,0.87606566849263,1.59415577014145,2.51416552991521,4.13861481424389,6.14491279128491,8.88336331955764,13.9042330741329,25.5469207512203,29.2647059108467,35.0372078130853,37.9380054870938,41.505844530108,45.3485195480265,63.9346363875522,68.3789413692459,69.2533988480668,77.4986193497188,
"French Polynesia","PYF",,,,,,,,,,,,,,,,,,,,,,,,,,,,,,,0,,,,,,0.0909719442523926,0.21438525029478,1.31616469607564,3.44890023193854,6.3570635452072,6.25158894552365,8.20021648571522,14.1242937853107,17.8845374263753,21.5421854743002,25.1079642462589,28.59,33.87,44.6,48.9573284132841,
"Gabon","GAB",,,,,,,,,,,,,,,,,,,,,,,,,,,,,,,0,,,,,,0,0.047999008602295,0.170124880168288,0.249009564457371,1.21614061828589,1.34762022159633,1.93953010616212,2.65958659385985,2.97906980035019,4.89326474972412,5.48920080280135,5.76700457562583,6.21,6.7,7.23222424584718,
"Gambia, The","GMB",,,,,,,,,,,,,,,,,,,,,,,,,,,,,,,0,,,,,0.0092175413498905,0.0355073602319341,0.0513113469912736,0.206094460510653,0.715827014834322,0.921794919066406,1.33679116648397,1.79677988296495,2.436781193062,3.30800347812937,3.79900113882231,5.23769115841218,6.20503741852418,6.88,7.63,9.19677547715443,
"Georgia","GEO",,,,,,,,,,,,,,,,,,,,,,,,,,,,,,,0,,,,,0.0126751913759632,0.0433309574552995,0.0662140589182833,0.111456400872887,0.44931816421042,0.520673566189036,1.05997222079966,1.68592303218765,2.70125996413691,4.06738606230239,6.2408897276957,7.60359177315747,8.31186686719533,10.0335607318019,19.9008692527433,26.2972514824798,
"Germany","DEU",,,,,,,,,,,,,,,,,,,,,,,,,,,,,,,0.125361389877606,0.249141881466432,0.433440950917541,0.462319738584652,0.923184999792165,1.84339397203351,3.06545230507895,6.73491384667885,9.91436404873373,20.9072513651469,30.2668908884064,31.6641344301682,48.7865793807973,55.8660912165646,64.7363407210894,68.7694182783287,72.2998823787638,75.3883358624348,78.3468948770089,79.4852315332217,82.526897905279,
"Ghana","GHA",,,,,,,,,,,,,,,,,,,,,,,,,,,,,,,0,,,,,0.000347917574151673,0.00564876296892429,0.0275375417930387,0.0322404432072234,0.104895466160959,0.153615297625799,0.200008060324831,0.830284033818738,1.19305791098328,1.71679770389504,1.83119746104616,2.72317597313987,3.85,4.27,5.44,9.54993070063956,
"Gibraltar","GIB",,,,,,,,,,,,,,,,,,,,,,,,,,,,,,,0,,,,,,,2.66290726817043,4.18379432871177,5.93697829716194,19.1316381248919,21.171109436031,23.670239745714,28.3257797920554,32.8860826098395,39.0701308849385,45.29864751181,51.61,58,65.07,65,
"Greece","GRC",,,,,,,,,,,,,,,,,,,,,,,,,,,,,,,0,0.0487452295382656,0.0482048115099017,0.191039731992239,0.378930407720334,0.752254490580282,1.40128507052473,1.85794014786716,3.23660753921846,6.91206984772727,9.19693169693175,11.0173513968463,14.784543712821,17.9413825391794,21.5856793290652,24.1710718648699,32.454924267567,36.0818080361391,38.3859944038913,42.5647333099348,44.5700744432662,
"Greenland","GRL",,,,,,,,,,,,,,,,,,,,,,,,,,,,,,,0,,,,0.0648648648648649,0.0537634408602151,1.78890876565295,7.91785714285714,14.5935828877005,21.5725775866899,31.7455516014235,35.4924578527063,44.168831187473,54.61015530239,56.2261720021303,57.9618460244929,59.8907501100693,61.8917535142782,63.9229857264593,63.9243349963603,63.8491527222556,
"Grenada","GRD",0,,,,,0,,,,,0,,,,,0,0,0,0,0,0,0,0,0,0,0,0,0,0,0,0,0,0,0,0,0,0.29803298231671,0.990883868410622,1.48485448426054,2.47316614730178,4.06390799146313,5.12810398216998,14.7588405454867,18.6451821830564,19.5706205843787,20.4878048780488,21.3959911692909,22.29,23.18,24.05,33.6166828846154,
"Guam","GUM",,,,,,,,,,,,,,,,,,,,,,,,,,,,,,,0,,,,0.348453910001324,0.659530908641229,1.35610688834494,2.34457164676014,4.50128418990124,8.49717632294499,16.1131270423389,25.3802275337398,31.1922942556271,33.7166817880876,36.1617878387907,38.559877557558,43.8514430048178,46.1504736192355,48.4187021509296,50.6420283820435,,
"Guatemala","GTM",,,,,,,,,,,,,,,,,,,,,,,,,,,,,,,0,,,,,0.00299800542698942,0.0195348708188295,0.0954760214836325,0.466590444451661,0.592652945261754,0.712332904508925,1.7382017815873,3.39174627024502,4.54885490848324,5.1,5.7,6.5,7.3,8.3,9.3,10.4999481895893,
"Guinea","GIN",,,,,,,,,,,,,,,,,,,,,,,,,,,,,,,0,,,,0.000138318459718829,0.000668589440753014,0.00194894188047425,0.00380310850877073,0.00620336850353784,0.0608089191603796,0.0954249236063846,0.175541868491054,0.402022748744397,0.450960370842751,0.508819332302937,0.542254180996637,0.637492122987955,0.780025279059244,0.92,0.94,0.99995892606692,
"Guinea-Bissau","GNB",,,,,,,,,,,,,,,,,,,,,,,,,,,,,,,0,,,,,,,0.0163890632503118,0.02406042052803,0.117702448210923,0.230103170591588,0.299569144677667,1.02299323436117,1.35419747762901,1.80814220342991,1.90136531610877,2.0571967045036,2.20630223745003,2.35488871087933,2.30328059172582,2.45036224422442,
"Guyana","GUY",,,,,,,,,,,,,,,,,,,,,,,,,,,,,,,0,,,,,,0.0658541146967945,0.131828032967554,0.26408811035714,3.96635473490207,6.61149156572021,13.2069864958563,,,,,,,18.2,23.9,29.8799214569536,
"Haiti","HTI",,,,,,,,,,,,,,,,,,,,,,,,,,,,,,,0,,,,,,0.00748425313141151,,0.0239994768114055,0.0706584781341451,0.231270714628821,0.34083232617381,0.893432988337908,1.64735834557778,5.401261907622,6.37620163504938,6.79600048052951,7.2,7.6,8.1,8.37020688381867,
"Honduras","HND",,,,,,,,,,,,,,,,,,,,,,,,,,,,,,,0,,,,,0.0367752523847096,0.0437112456096425,0.170996468238945,0.301247213672473,0.573575476141391,1.20385599891878,1.41528193123711,2.5974025974026,4.8,5.6,6.5,7.8,9.4,9.6,9.8,11.0907646263158,
"Hong Kong SAR, China","HKG",,,,,,,,,,,,,,,,,,,,,,,,,,,,,,,0,0.123164857864273,0.866167528394638,1.35102204958389,2.79002186030976,3.21247453399501,4.62544708481456,10.3968770510863,14.5907932099822,21.5074890623525,28.3217587548552,39.3312700818226,43.6743481686306,52.9091427975916,56.6015181762862,56.8720978541654,60.5862144638404,64.3029994657734,66.2093161930149,69.2441901280752,71.8491239388795,
"Hungary","HUN",,,,,,,,,,,,,,,,,,,,,,,,,,,,,,,0,0.00337853158808206,0.0482757987576966,0.193241867284551,0.483537588537279,0.677645965034474,0.969498501131172,1.94261145220262,3.8940408675394,5.8577789523117,6.99938432530411,14.5244000586106,16.6710912469504,21.640593403341,27.7489116927766,38.9695016260924,47.0268428664621,53.2299918653749,55.9090560965784,61.6841740527705,65.163250915,
"Iceland","ISL",,,,,,,,,,,,,,,,,,,,,,,,,,,,,,,0,0.504270782324844,1.53222652845899,2.6542800265428,6.7664086474819,11.2162950334246,14.8727163358915,27.6519748393978,36.4707711664444,41.4467150107476,44.4713245380702,49.223827027763,78.9163682905368,83.1982942860794,84.1470843690298,87.0026387269406,88.6932244175099,88.9003376491658,89.0654035423768,92.1368638520058,95.6381132075472,
"India","IND",,,,,,,,,,,,,,,,,,,,,,,,,,,,,,,0,,0.00011130772730678,0.00021817567673486,0.0010695623867526,0.0262288788137051,0.0463339767355147,0.0707678487089183,0.13902732879964,0.27322427673499,0.527532449930946,0.660146377009928,1.53787558175083,1.68648997063625,1.97613649190559,2.38807499995774,2.80549986534254,3.95,4.38,5.12,7.49999587829644,
"Indonesia","IDN",,,,,,,,,,,,,,,,,,,,,,,,,,,,,,,0,,,,0.00105974438244869,0.0261094771945335,0.0566239887373857,0.194910263619177,0.255306646259756,0.444415935985143,0.925563864466858,2.01861385948459,2.13413573295808,2.38701977959476,2.60028587633414,3.60202476259646,4.76481313366657,5.78627472934199,7.91747938492903,8.69698610251625,9.90003867219744,
"Iran, Islamic Rep.","IRN",,,,,,,,,,,,,,,,,,,,,,,,,,,,,,,0,,,,0.000408331951401899,0.00417975237282131,0.015826080240759,0.0467560941386576,0.0998152205281395,0.378569094530717,0.934190019959829,1.48422133163363,4.62617511492205,6.93372195304053,7.49,8.1,8.76,9.47,10.24,11.07,13.0001107160721,
"Iraq","IRQ",,,,,,,,,,,,,,,,,,,,,,,,,,,,,,,0,,,,,,,,,,,0.0984532334202956,0.493260402628625,0.592695280725378,0.890325618343836,0.892206849164163,0.942567056055559,0.919458817382374,0.988165130571785,1.04751661617499,2.47194834691393,
"Ireland","IRL",,,,,,,,,,,,,,,,,,,,,,,,,,,,,,,0,0.0568505384909464,0.169251101694683,0.280330582578959,0.557801641859854,1.10903652401963,2.19987440430951,4.08345821448483,8.08290664779185,10.9226237287337,17.8439278415063,23.1362806067577,25.8752060620349,34.4300607603463,37.1300803830319,41.591275112899,54.3836239775173,59.6373162439341,64.264942708278,66.673384802942,69.7703944134078,
"Isle of Man","IMN",,,,,,,,,,,,,,,,,,,,,,,,,,,,,,,,,,,,,,,,,,,,,,,,,,,,
"Israel","ISR",,,,,,,,,,,,,,,,,,,,,,,,,,,,,,,0.106969259348815,0.201324431130374,0.291458418815345,0.377998024713368,0.551889952721202,0.894695902788066,2.09018674854024,4.24470637365147,9.9516736810936,12.9258037365588,19.9642019034579,16.5481879824306,16.876620572258,18.6046180568816,21.6409437023748,24.0106011666583,26.7009718240987,46.3858372022177,57.6309547887478,61.2257001282462,65.3877859391396,
"Italy","ITA",,,,,,,,,,,,,,,,,,,,,,,,,,,,,,,0.0175795436868652,0.0351235108700792,0.070174388229694,0.122689814460128,0.192716665998389,0.525554304513171,1.02469473335783,2.27665491308966,4.55409600236356,14.3676383185922,23.1288220511984,27.3281833108598,28.2075122632402,29.1709083886931,33.2905508140825,35.038318005568,38.0806226017428,40.8724067342224,44.5741339266618,48.8753930720965,53.740216600367,
"Jamaica","JAM",,,,,,,,,,,,,,,,,,,,,,,,,,,,,,,0,,,,0.036507824880868,0.108671946839227,0.585198538773031,0.789863231276246,1.96074826996573,2.34078518031697,3.10646392112373,3.86232688706695,6.11974556835631,7.86110302014701,10.1015768924605,12.9509351041352,16.6046628365439,21.3621295313551,23.8905385531408,24.6170827274076,26.4772232420429,
"Japan","JPN",,,,,,,,,,,,,,,,,,,,,,,,,,,,,,,0.0200824591735389,0.0400405874440335,0.0958597630474722,0.398433645601583,0.794159301383774,1.58225972046751,4.34008701537112,9.09044828474645,13.2989712048301,21.2023948315741,29.7189656739355,38.1516232410953,46.0835883400544,47.8535743428021,61.6801429995892,66.1982622348997,67.9910784511195,73.5700511251597,74.7154581483875,77.3846896326139,77.6385351546869,
"Jordan","JOR",,,,,,,,,,,,,,,,,,,,,,,,,,,,,,,0,,,,,0.0242696433298184,0.0468611401651137,0.619179120135364,1.32992394816628,2.5652982373015,2.63945852930236,4.69859616933803,5.97813665994316,8.35581907566203,11.4832409483156,12.7667599545605,13.7622151423046,20.0192264217591,23.2462236046311,26.4861186813187,38.8812015875641,
"Kazakhstan","KAZ",,,,,,,,,,,,,,,,,,,,,,,,,,,,,,,0,,,,0.000521885598768879,0.0113811261075134,0.0320995916956014,0.065232804593969,0.132755784865404,0.469064975403589,0.671876724806109,1.00878748863535,1.6795861336031,2.00713060429287,2.65754594597844,2.96655195735683,3.26927602494059,4.01789734072014,10.9869086376744,17.914579648741,33.3821281627152,
"Kenya","KEN",,,,,,,,,,,,,,,,,,,,,,,,,,,,,,,0,,,,,0.000727482162773916,0.00883911485103882,0.0344060509233638,0.0502613876974799,0.114256028237822,0.318059713612037,0.619782266151425,1.20777388492125,2.94190286101524,3.0235280420962,3.10189770248496,7.5337897198037,7.95,8.67,10.04,25.8997967022931,
"Kiribati","KIR",,,,,,,,,,,,,,,,,,,,,,,,,,,,,,,0,,,,,,,,0.616545618210291,1.21157783781819,1.78522547397736,2.33745894837722,2.5,3,3.5,4,4.5,6,7,8,8.95914,
"Korea, Dem. Rep.","PRK",,,,,,,,,,,,,,,,,,,,,,,,,,,,,,,0,,,,,,,0,0,0,0,0,0,0,0,0,0,0,0,0,,
"Korea, Rep.","KOR",,,,,,,,,,,,,,,,,,,,,,,,,,,,,,,0.023325530406128,0.0462358825709211,0.0985537206257313,0.249953608859597,0.310748734884962,0.811854684180187,1.60370908138349,3.54389708309665,6.6658068197962,23.113658924594,43.729722447243,55.2297940410077,57.9017995842258,63.810920067281,70.8714131705489,71.8298072416802,76.4355953226908,77.2442951956414,79.5451278828152,80.2891689088559,82.5159279959079,
"Kosovo","KSV",,,,,,,,,,,,,,,,,,,,,,,,,,,,,,,,,,,,,,,,,,,,,,,,,,,,
"Kuwait","KWT",,,,,,,,,,,,,,,,,,,,,,,,,,,,,,,0,,,,,0.202898433102358,0.855662316859742,2.17453585891176,3.05239745470751,4.75622220879911,6.73139576837536,8.55179243431475,10.2489679289296,22.4029383804612,22.9271120360078,25.9261083689107,28.7911979549612,31.5665976293485,34.2570166934442,36.8503533948891,38.2602335526316,
"Kyrgyz Republic","KGZ",,,,,,,,,,,,,,,,,,,,,,,,,,,,,,,0,,,,,,,,0.0736475786470745,0.207188245933921,1.05342393519897,3.02901985345224,3.00653166407925,3.88175398997337,5.00439144167957,10.2885057407832,11.9895211967616,13.6859688691064,15.3617298964033,,19.5823164464024,
"Lao PDR","LAO",,,,,,,,,,,,,,,,,,,,,,,,,,,,,,,0,,,,,,,,0.00965781399243407,0.037780708301385,0.111044032290124,0.181664460654566,0.267899241309349,0.333912466428616,0.361434490258043,0.850357490288917,1.16989342772256,1.64,3.55,6,6.99988034188034,
"Latvia","LVA",,,,,,,,,,,,,,,,,,,,,,,,,,,,,,,0,,,,,,0.814501447910032,2.05863972805595,3.32874895211202,4.4093783846399,6.35098246868403,7.25702417985695,22.0499146506664,27.0830658457982,38.6869248393411,46.1002976728659,53.7502951990168,59.3153968674487,66.5495549610916,68.6988620891826,71.5147235372934,
"Lebanon","LBN",,,,,,,,,,,,,,,,,,,,,,,,,,,,,,,0,,,,,0.0716179907830511,0.14016693882414,1.24107973937325,2.72235219941557,5.37680949802644,7.95274373635276,6.78321977527715,7,8,9,10.14,15,18.74,22.53,23.68,31.0043782824698,
"Lesotho","LSO",,,,,,,,,,,,,,,,,,,,,,,,,,,,,,,0,,,,,,0.00284593961257655,0.00558443328054182,0.0109565326956631,0.0538044595288236,0.211806070361977,0.261150063093855,1.08394313737534,1.53249659019509,2.17552433931097,2.58024548419449,2.97970818724486,3.44543125970873,3.58,3.72,3.8605653984339,
"Liberia","LBR",,,,,,,,,,,,,,,,,,,,,,,,,,,,,,,0,,,,,,,0.00448944262671901,0.00409938718261007,0.0113287318542038,0.0177027057169472,0.033812227177592,0.0327133071190699,0.0318689345450327,0.0310111848040233,,,0.551376580555429,0.53,0.51,7.0002138207311,
"Libya","LBY",,,,,,,,,,,,,,,,,,,,,,,,,,,,,,,0,,,,,,,,,0.133617289160985,0.187042622337565,0.366533175284228,2.24441822165946,2.81451798740855,3.53283816154549,3.91778797710285,4.30105178913002,4.72199937850513,9,10.8,14.0002467348544,
"Liechtenstein","LIE",,,,,,,,,,,,,,,,,,,,,,,,,,,,,,,0,,,,,,,,,,36.5152298938015,45.1168526483593,59.4707106749926,58.8096918372148,64.0074481394199,63.3713561470216,64.2141613630526,65.080218443168,70,75,80,
"Lithuania","LTU",,,,,,,,,,,,,,,,,,,,,,,,,,,,,,,0,,,,,,0.277608543951944,0.978967042289725,1.97233321856431,2.92263501617901,6.42797107662605,7.17591300629996,17.6559975382451,25.857230448106,31.1979027189208,36.235318401642,43.9493184018536,49.9506299883458,55.2476912732292,59.7893659086989,62.8119000060846,
"Luxembourg","LUX",,,,,,,,,,,,,,,,,,,,,,,,,,,,,,,0,,0.152653068278311,0.301169919724464,0.495104817907264,1.58664748723306,5.54028798087481,7.14108635481814,11.7598242780204,17.3950264819685,22.8448896317728,35.9983005771452,39.5459603967053,53.9110488674357,64.8435399644179,68.8019769626665,71.4282649475179,78.2164508232412,81.9154847641461,87.2843919338346,90.0795266272189,
"Macao SAR, China","MAC",,,,,,,,,,,,,,,,,,,,,,,,,,,,,,,0,,,,0.0369933757195212,0.280014085704224,0.727273598076568,2.36412767235082,7.00332424457476,9.21200508502681,13.6085897418451,22.5212167700561,25.1718801643395,25.7421239826498,31.4840973824121,34.8629271733959,46.4,47.327,49.24,54,56.7640823529412,
"Macedonia, FYR","MKD",,,,,,,,,,,,,,,,,,,,,,,,,,,,,,,0,,,,,0.0407438399133786,0.0759957341061255,0.503985009469878,1.00286166576326,1.49733026014616,2.48556631640066,3.46818460849398,17.33,19.07,24.44,26.45,28.62,36.3,46.04,51.77,51.9141843203883,
"Madagascar","MDG",,,,,,,,,,,,,,,,,,,,,,,,,,,,,,,0,,,,,,0.00369519572084511,0.0143336470251985,0.0625610230645809,0.168608781293706,0.196394691006341,0.222511586178292,0.339720154596142,0.423252419277809,0.525353654946669,0.567721802237403,0.607552238860378,0.65,1.65,1.63,1.69998514531235,
"Malawi","MWI",,,,,,,,,,,,,,,,,,,,,,,,,,,,,,,0,,,,,,,0.00466851795189877,0.0180573651794229,0.0872787549022295,0.126780944756387,0.164020725330811,0.21509472652259,0.278815116302304,0.347505334967577,0.384489334082782,0.425137489606563,0.965864736553132,0.7,1.07,2.25997588483994,
"Malaysia","MYS",,,,,,,,,,,,,,,,,,,,,,,,,,,,,,,0,,0.00104782235010312,0.0255384775216195,0.0996074172862497,0.145673836668164,0.852044466496617,2.30739323403082,6.75177048301491,12.3055021987515,21.3847311644538,26.6959725007084,32.3382043389359,34.9711523397291,42.2522656295248,48.629170245984,51.6379889864403,55.7,55.8,55.9,56.3000336995176,
"Maldives","MDV",0,,,,,0,,,,,0,,,,,0,0,0,0,0,0,0,0,0,0,0,0,0,0,0,0,0,0,0,0,0,0.226930089745917,0.309444238148286,0.56962746363878,1.11990861545698,2.2038729393788,3.61729064930367,5.3477651689359,5.97659284988557,6.58825487530861,6.86960506696215,11.0363527828647,16.3,23.2,24.8,28.2897009493671,
"Mali","MLI",,,,,,,,,,,,,,,,,,,,,,,,,,,,,,,0,,,,,,0.00205522808921334,0.0100859189174824,0.01979388822134,0.0609098733769416,0.142545755049184,0.185897413256084,0.2270455784917,0.310364443230575,0.432819639900985,0.507063135952247,0.7296272808331,0.81,1.57,1.92,2.69996644762524,
"Malta","MLT",,,,,,,,,,,,,,,,,,,,,,,,,,,,,,,0,,,,,0.234800725600837,1.09833576412358,4.09052699821827,6.77480410417495,8.0866480300311,13.6658514747533,18.1834331301066,29.3783010286159,32.1325616309818,35.1303255181076,41.797373197602,40.8749444892817,47.3079457279061,50.3226500303435,59.0347355377291,63.0779927884615,
"Marshall Islands","MHL",,,,,,,,,,,,,,,,,,,,,,,,,,,,,,,0,0,0,0,0,0,0.0370594316253487,,,0.966071566581652,1.53427179624871,1.7066140776699,2.33544457522934,2.5697503671072,3.59977681383754,3.8787023977433,3.79559021427832,3.71082548999764,3.62677217276624,3.54604213342789,,
"Mauritania","MRT",,,,,,,,,,,,,,,,,,,,,,,,,,,,,,,0,,,,,,,0.00417252732901087,0.0405947949353934,0.118464463622525,0.192031462434805,0.261448551967195,0.363229414608579,0.424004895843197,0.481470438230954,0.669966474877597,0.97966125273203,1.43361319586788,1.87,2.28,2.99980317919075,
"Mauritius","MUS",,,,,,,,,,,,,,,,,,,,,,,,,,,,,,,0,,,,,,0.186435278614454,0.481471191695777,2.5940846783088,4.68864266672068,7.33769543917567,8.84236180677674,10.3436040970271,12.2945746241885,13.8254149901092,15.336843833768,16.8864505251864,20.4645998145038,22.0727725343203,22.8026579646628,28.7318834972678,
"Mayotte","MYT",,,,,,,,,,,,,,,,,,,,,,,,,,,,,,,,,,,,,,,,,,,,,,,,,,,,
"Mexico","MEX",,,,,,,,,,,,,,,,,,,,,,,,,,,,,,,0,0.00588069493112912,0.0173078098676624,0.0283050415762566,0.0433391667851826,0.102564189852775,0.20040628032987,0.627311539559522,1.26578327821238,1.85743622125093,5.08138415338066,7.0380231165045,11.9,12.9,14.1,17.21,19.52,20.81,21.71,26.34,31.050012866438,
"Micronesia, Fed. Sts.","FSM",,,,,,,,,,,,,,,,,,,,,,,,,,,,,,,0,,,,,,0.278037794604213,0.5706768449723,1.8587187851414,2.79759406910057,3.73486213690137,4.66052719883673,5.57009970478472,9.23250210039423,11.0178673081514,11.8813690993008,12.7503392500979,13.6211327333981,14.49,15.35,20.0115315315315,
"Moldova","MDA",,,,,,,,,,,,,,,,,,,,,,,,,,,,,,,0,,,,0.000974439598282027,0.00408152270183742,0.00545415156686976,0.0328075083066321,0.301412074136086,0.6863606635585,1.44750217934937,1.65527579556186,4.14866406180038,7.98889286758481,11.2899706207473,15.3289637773902,20.3289734876452,20.9910562318698,23.8155411056307,37.3865405094173,40.122234699607,
"Monaco","MCO",,,,,,,,,,,,,,,,,,,,,,,,,,,,,,,,,,,,,,,,,,,,,,,,,,,,
"Mongolia","MNG",,,,,,,,,,,,,,,,,,,,,,,,,,,,,,,0,,,,,0.00881122479549147,0.0181607493256454,0.112742553679548,0.145810541501754,0.508471559914475,1.25565200358112,1.65323823906982,2.03957260348179,,,,,,12.49,12.6,12.9000046806967,
"Montenegro","MNE",,,,,,,,,,,,,,,,,,,,,,,,,,,,,,,,,,,,,,,,,,,,,25.3500686036232,28.8175671889584,32.1847145135361,37.040556188108,40.9741236358027,44.8564832837509,51.9580379746836,
"Morocco","MAR",,,,,,,,,,,,,,,,,,,,,,,,,,,,,,,0,,,,,0.00371049184239092,0.00567544423607259,0.0216352030716219,0.142300767186126,0.175595344602176,0.693791244805455,1.37143810096418,2.37325319241544,3.35336668122363,11.6079347729582,15.0844445240204,19.7711915653115,21.5,33.1,41.3,49.0006318425088,
"Mozambique","MOZ",,,,,,,,,,,,,,,,,,,,,,,,,,,,,,,0,,,,,,0.00304297878897721,0.0118426107556486,0.0201970551654863,0.056250628952345,0.109592530041641,0.160031946644069,0.259612611253739,0.419538843913707,0.679447835392438,0.854357118107528,0.842954488044236,0.91,1.56,2.68,4.17013638520735,
"Myanmar","MMR",,,,,,,,,,,,,,,,,,,,,,,,,,,,,,,0,,,,,,,,,0.000151709352621516,,0.000289277380848561,0.00042649350636189,0.0240641491408465,0.024337392002823,0.0652388555011476,0.18204833106115,0.217128445069957,0.22,0.22,,
"Namibia","NAM",,,,,,,,,,,,,,,,,,,,,,,,,,,,,,,0,,,,,0.00617205085523023,0.00903214540549817,0.0587506785703375,0.286745093361335,0.336217707690083,1.64473954726899,2.41697944170998,2.63369976876116,3.35983988553801,3.8047156152631,4.01004664442375,4.39887064732726,4.83561077833704,5.32900377208954,5.87249906385456,6.50082282084976,
"Nepal","NPL",,,,,,,,,,,,,,,,,,,,,,,,,,,,,,0,0,0,0,0,0,0.000924877560084208,0.00451047275392552,0.0219988575553294,0.0643935956362092,0.146668869214028,0.204651683653029,0.240015303375743,0.312956060108532,0.382810917017044,0.449843651215974,0.82655126590551,1.14138916388191,1.41,1.73,1.97,7.93009634901031,
"Netherlands","NLD",,,,,,,,,,,,,,,,,,,,,,,,,,,,,,,0.333049730600647,0.528847182477015,1.31292671121416,1.9570845197712,3.24402662950234,6.45773120885358,9.64075866105377,14.0611567672647,22.2204554808712,39.0854361535363,43.8112146572985,49.0877255635705,60.8991070646233,64.0026037204115,68.2814350520296,80.9284742376593,83.8631284793848,86.1436881175185,87.7265569845976,89.7865912669442,90.7035550890708,
"New Caledonia","NCL",,,,,,,,,,,,,,,,,,,,,,,,,,,,,,,0,,,,,0.00511879648549524,0.250564545874426,0.978547048140056,1.92384103341244,5.65209579993251,13.8568515983885,18.1187872561358,22.2129959557263,26.1463978593808,29.9279925297327,31.9016401051196,33.026174616253,34.5476745049505,34.3581155478873,34.1726972880528,,
"New Zealand","NZL",,,,,,,,,,,,,,,,,,,,,,,,,,,,,,,0,,0.283627689539814,0.629860238642094,3.17162576126798,4.88644795587607,8.01031357992829,14.4885048779015,31.3747951985001,41.3026176065007,47.3824058503583,53.6022666619141,59.2824223689783,60.8651893265828,61.7209820259937,62.7235047287315,69.0049961764565,69.8286496606201,72.1803233315374,79.8260928680662,83.0025842490842,
"Nicaragua","NIC",,,,,,,,,,,,,,,,,,,,,,,,,,,,,,,0,,,,0.0131662275729771,0.0300464776085064,0.0840932914156307,0.20621681842506,0.303808974638634,0.497901643314416,0.980216486692385,1.44879942820716,1.71472958428668,1.88041253242301,2.32066460863941,2.56635117656203,2.8055730627337,3.9,5.3,7.3,9.99855415443082,
"Niger","NER",,,,,,,,,,,,,,,,,,,,,,,,,,,,,,,0,,,,,,0.00103930452235695,0.00200876605418385,0.00291150283332898,0.0281360222867308,0.0362612938065891,0.10518543139701,0.127152468779619,0.155698703668983,0.189933733703092,0.221341351487395,0.294033977096223,0.390390619762082,0.7,0.76,0.82999748517277,
"Nigeria","NGA",,,,,,,,,,,,,,,,,,,,,,,,,,,,,,,0,,,,,,0.00883298044104308,0.0172374007399361,0.02523146101791,0.0410387229077741,0.0640808079494101,0.089901370457273,0.320461975542327,0.558576244860521,1.28613764134527,3.54915571796492,5.54503608300537,6.77,15.86,28.43,28.4300326610404,
"Northern Mariana Islands","MNP",,,,,,,,,,,,,,,,,,,,,,,,,,,,,,,0,,,,,,,,,,,,,,,,,,,,,
"Norway","NOR",,,,,,,,,,,,,,,,,,,,,,,,,,,,,,,0.707301449284246,1.4077914460772,2.21596200091816,2.7822979799963,4.14988218805769,6.42309082539224,18.2661520397864,20.4500251276172,22.5997400651327,24.6962387790899,26.7614089880024,29.2521016601086,72.7989105626312,78.023969173172,77.6077065404157,81.990124138844,82.6939101551126,87.1674483458066,90.7741343358894,92.1806091627481,93.2775079341379,
"Oman","OMN",,,,,,,,,,,,,,,,,,,,,,,,,,,,,,,0,,,,,,0,0.439792804813796,0.862725306105722,2.51566598659283,3.52042141651097,5.89384152148672,6.87339603918545,7.25574294536556,6.75885217024525,6.68358142020519,8.299716672503,16.68,20,51.5,61.987412863816,
"Pakistan","PAK",,,,,,,,,,,,,,,,,,,,,,,,,,,,,,,0,,,,,0.000122701855595622,0.00299173049043745,0.0275492379403411,0.0439477192535917,0.0553572378664737,,1.31855077925626,2.57742673683831,5.04115812592502,6.16432098534156,6.33232909830782,7.08091013770364,10.1052361603507,15.77,16.59,16.7800370218845,
"Palau","PLW",,,,,,,,,,,,,,,,,,,,,,,,,,,,,,,0,,,,,,,,,,,,20.243939470621,21.6015271777354,26.9703326341025,,,,,,,
"Panama","PAN",,,,,,,,,,,,,,,,,,,,,,,,,,,,,,,0,,,,0.00763689905241357,0.056123042662118,0.219998526009876,0.539065540666565,2.75064807135796,3.83686450851963,6.55479647729549,7.26839987788729,8.51807781515595,9.98742407723405,11.1408625409415,11.4840092783071,17.3495661695931,22.29,33.82,39.08,42.7478120557293,
"Papua New Guinea","PNG",,,,,,,,,,,,,,,,,,,,,,,,,,,,,,,0,,,,,,0.00206702280091511,0.100588320971699,0.234958541565341,0.667113314914652,0.835249302427624,0.904103545170822,1.3216569348661,1.37440466802801,1.5079127722725,1.71619047556782,1.754487260668,1.79055936140245,1.15,1.61,1.28004964712744,
"Paraguay","PRY",,,,,,,,,,,,,,,,,,,,,,,,,,,,,,,0,,,,,,0.020359611823641,0.0995767192816775,0.194904950702691,0.381657320196943,0.747630711548184,1.09879383569333,1.79496959770244,2.11194208210034,3.45243843137079,7.90700786141285,7.96207388394416,11.21,14.27,18.9,19.8016811899597,
"Peru","PER",,,,,,,,,,,,,,,,,,,,,,,,,,,,,,,0,,,,0.00850457833343858,0.0334123047076893,0.246232579968339,0.403429701123947,1.19038044043045,1.95249760760468,3.07643061137675,7.57876295717419,8.96694917040028,11.6,14.1,17.1,20.7,25.2,30.57,31.4,34.3006039895446,
"Philippines","PHL",,,,,,,,,,,,,,,,,,,,,,,,,,,,,,,0,,,,0.00584425347924116,0.0285857018207148,0.0559460285306004,0.136912962909744,1.10340599442803,1.43160880335918,1.98225319605827,2.52400566008269,4.33227574643007,4.85767226708512,5.2436284521711,5.3976363293955,5.74058632534702,5.97,6.22,9,24.9999458508916,
"Poland","POL",,,,,,,,,,,,,,,,,,,,,,,,,,,,,,,0,0.00521778045556332,0.0519696311724275,0.129471344536174,0.38730005724321,0.644341626105797,1.28764092352473,2.05948788647798,4.07075324106195,5.41068331591483,7.25676102614536,9.90551907928776,21.1500735789489,24.8658214284312,32.5239612566288,38.80958816018,44.6139692055851,48.6882258078056,53.2591858973877,59.1208965756957,62.4712301278022,
"Portugal","PRT",,,,,,,,,,,,,,,,,,,,,,,,,,,,,,,0,0.100013927740658,0.250730832547432,0.452217022898387,0.72418518391661,1.50842320707641,3.01382930051336,5.01198031106101,9.99034617976479,14.9187467700007,16.6078106509739,18.2395883091643,19.4724750494363,29.7402828118752,31.7929607816438,34.9708920951514,37.9858889979388,42.0888136771699,41.9481188313804,46.6079921414398,51.2804783981952,
"Puerto Rico","PRI",,,,,,,,,,,,,,,,,,,,,,,,,,,,,,,0,,,,0.0274007256413592,0.135781946700247,0.26871033330076,1.3322571925225,2.650404891524,5.27024568346164,10.4744834446911,15.5463901268345,17.3410519986899,19.3351293786405,21.5535442593485,22.6297505156642,24.4468984537496,26.6170769923641,36.1207140225457,39.2644557188689,42.6923347662142,
"Qatar","QAT",,,,,,,,,,,,,,,,,,,,,,,,,,,,,,,0,,,,,0.190209534823562,0.930185832525622,3.08374918598091,3.52002984985313,4.07072891489632,4.86367917875156,6.17026856093912,10.2261289281118,19.242336421002,20.701647851169,24.733493781051,28.9741127135829,37,67.5,,81.5903972711768,
"Romania","ROU",,,,,,,,,,,,,,,,,,,,,,,,,,,,,,,0,,,0.00373342579781772,0.0263927077297267,0.0749417988764902,0.221116882508933,0.443696312445738,2.22424893402599,2.67485033474929,3.57325545634396,4.53211428131103,6.64266761802859,8.97503061469055,15.1109348491046,21.6365247457391,24.7942327577238,28.4287318071629,32.5344108249183,36.6968109859774,40.0200948796529,
"Russian Federation","RUS",,,,,,,,,,,,,,,,,,,,,,,,,,,,,,,0,,0.000673476308010283,0.0134857686841708,0.0540098948998499,0.148708662129066,0.271063843979655,0.475645661173885,0.817448408564372,1.02579408393309,1.98337273556267,2.94864790838899,4.13452108313989,8.31498906240875,12.9002787311305,15.3004035893184,18.151028855474,24.8672989710063,27.059288291652,29.2482076982728,43.3664977213404,
"Rwanda","RWA",,,,,,,,,,,,,,,,,,,,,,,,,,,,,,,0,,,,,,0.000883371624548685,0.00162579102862498,0.0117635727735049,0.0671764824271024,0.0628314595107164,0.240672409832382,0.292784718792575,0.356918467272361,0.43085424337006,0.556041164839515,,2.11538717825754,4.5,7.7,13.0000061182229,
"Samoa","WSM",,,,,,,,,,,,,,,,,,,,,,,,,,,,,,,0,,,,,,,0.174571862507201,0.230359014524136,0.285308332715165,0.566392532680849,1.68990283058724,2.24483267578443,2.79963044878076,3.07552941044897,3.35259211246829,4.46917387320954,4.74998323535329,5.03161531623702,6,6.96503804347826,
"San Marino","SMR",,,,,,,,,,,,,,,,,,,,,,,,,,,,,,,0,,,,,1.36213271064409,1.42807518622872,1.41854847985278,1.40855794122126,42.8033157498116,48.7994953055999,50.3416690898517,50.8348399446985,50.003453038674,50.5663430420712,50.2595641966736,50.2086593635889,50.3648221088655,54.52,54.21,,
"Sao Tome and Principe","STP",,,,,,,,,,,,,,,,,,,,,,,,,,,,,,,0,,,,,,,,0.295847047076661,0.363203161320316,4.63851681640751,6.31091788794615,7.580665168911,10.1618443069961,13.3228526892178,13.759484215906,14.1820197774712,14.5904831987414,15.48,16.41,18.7951136363636,
"Saudi Arabia","SAU",,,,,,,,,,,,,,,,,,,,,,,,,,,,,,,0,,,,,0.0109561335585549,0.0267326514047821,0.0520990308798771,0.101429892697824,0.493585340238987,2.21069180908888,4.6810531658103,6.38470501955932,8.00158289090878,10.2345329969583,12.7050359882849,19.4595543513634,30,36,38,41.0001284610901,
"Senegal","SEN",,,,,,,,,,,,,,,,,,,,,,,,,,,,,,,0,,,,,0.000692848167174101,0.0112382191153791,0.0273474414772957,0.0798713793904365,0.311090952417394,0.403967485868965,0.983794058848003,1.00645453672323,2.10143642986685,4.38602398008563,4.78668408310535,5.61173865217952,7.7,10.6,14.5,15.9996499919575,
"Serbia","SRB",,,,,,,,,,,,,,,,,,,,,,,,,,,,,,,,,,,,,,,,,,,,,31.1589653011453,27.1285375745437,28.0908077628367,34.3591593004694,37.0946222705413,39.9129489412847,43.0550670552736,
"Seychelles","SYC",,,,,,,,,,,,,,,,,,,,,,,,,,,,,,,0,,,,,,0.64360547745503,1.26496909374031,2.46700076653881,6.02764275884681,7.17266004703966,10.8024027330485,13.7812226500791,14.3915930256289,24.3106804400024,25.6011853160505,34.824309715665,38.3538214575518,39.7944928469571,,40.7728505747126,
"Sierra Leone","SLE",,,,,,,,,,,,,,,,,,,,,,,,,,,,,,,0,,,0,0,0,0.00250611617652882,0.00498783467123685,0.0148050654050777,0.048490655608211,0.118254245682183,0.160264445493032,0.176198956814076,0.190173281668183,0.203007680592588,0.215391610340129,0.227669467190838,0.239834698546233,0.25,0.26,,
"Singapore","SGP",,,,,,,,,,,,,,,,,,,,,,,,,,,,,,,0,0.159668763384334,0.465530876529685,0.757270505583906,1.17358609617417,2.83850397351792,8.13576086784911,13.0269185342472,18.7629933937396,23.4597820701785,35.0293701432508,40.088963055914,45.3817526340996,53.4617789862723,61.9026558187535,61.0028456561489,59.1146782841823,67.9450795449592,68.0420928214241,68.4195815622744,71.131707307465,
"Sint Maarten (Dutch part)","SXM",,,,,,,,,,,,,,,,,,,,,,,,,,,,,,,,,,,,,,,,,,,,,,,,,,,,
"Slovak Republic","SVK",,,,,,,,,,,,,,,,,,,,,,,,,,,,,,,0,,,0.128074410204621,0.31895270686535,0.523882959916626,0.784375533984712,1.17482046914747,2.69281968935671,5.44312936656381,9.45501160662187,12.5939533379662,40.3571970025967,43.2766172844968,53.173992846736,55.4819321993814,56.3994684432214,62.1853656204804,71.7673810320891,75.6330400639281,79.8897773443831,
"Slovenia","SVN",,,,,,,,,,,,,,,,,,,,,,,,,,,,,,,0,,,0.401660110028483,1.05557776084657,2.86450585766321,5.02855431780903,7.55292656747324,10.0925280861858,12.6066967182914,15.0835250197971,30.1202412277043,27.7940675105529,31.8339313965541,40.8293524475567,46.8476731214702,54.0109419403767,56.5775782138047,57.9097855060762,63.5095988613839,69.3399707174231,
"Solomon Islands","SLB",,,,,,,,,,,,,,,,,,,,,,,,,,,,,,,0,,,,,0.0248719096652241,0.268683584776388,0.391923245751552,0.508292796982774,0.494541498213469,0.481296806114395,0.468551963584141,0.501919843401009,0.555609881855115,0.64967267325146,0.844307572805697,1.64634798857435,2,3,4,5.00137546468402,
"Somalia","SOM",,,,,,,,,,,,,,,,,,,,,,,,,,,,,,,0,,,,,0,0.0015095503970193,0.00294871303419622,0.00716442000008024,0.0139103939715691,0.02,0.0790391786670095,0.115614213354469,0.376198002539086,1.05345474358422,1.07732783912096,1.10021636808277,1.12223562161375,1.14268737216185,1.16061054246061,,
"South Africa","ZAF",,,,,,,,,,,,,,,,,,,,,,,,,,,,,,,0,0.0139334131057986,0.0409360280823694,0.120229817807317,0.261473624918122,0.716223529961021,0.88767041005284,1.70975000498303,3.0183465065954,4.23265532992551,5.44099013769549,6.41442990030579,6.78137228956844,7.08592946549972,8.52656706986047,7.58283744486178,7.70275982813081,8.16317795167381,8.52093625375366,10.0874597907752,12.3348932627873,
"South Sudan","SSD",,,,,,,,,,,,,,,,,,,,,,,,,,,,,,,,,,,,,,,,,,,,,,,,,,,,
"Spain","ESP",,,,,,,,,,,,,,,,,,,,,,,,,,,,,,,0.0128863957868293,0.0257126939961276,0.0768820193121331,0.127735127325064,0.280238015570629,0.381185685849687,1.33324145434912,2.80517793315704,4.36331172629269,7.08905757124211,13.6335022934997,18.1694588748603,20.4150485149419,39.9635356878957,44.0516506367317,47.877018956318,50.2574758510098,54.7728473171551,59.0643109813047,62.0323561030861,65.808553671507,
"Sri Lanka","LKA",,,,,,,,,,,,,,,,,,,,,,,,,,,,,,,0,,,,0.00276544818070014,0.00548443582924889,0.054464498514862,0.162464548204775,0.296351104287732,0.348414424914655,0.647410010940963,0.793821864362622,1.05042270585318,1.45858022842408,1.44615998041486,1.79204679392588,2.53756612897332,3.88,5.8,8.78,11.9999706615532,
"St. Kitts and Nevis","KNA",,,,,,,,,,,,,,,,,,,,,,,,,,,,,,,0,,,,,,2.0809552054215,2.45603148155367,3.74026839042089,4.73562737248642,6.10070641528274,7.81243426781527,21.4227301184865,23.5662807250258,24.7376775443732,34,49,52,60,69,76.5875384615385,
"St. Lucia","LCA",,,,,,,,,,,,,,,,,,,,,,,,,,,,,,,0,,,,,0.309082364874369,0.679401751338531,1.00153556792618,1.31546653514488,1.95097394918289,5.12677028128678,8.23171260977295,14.7667854267424,21.1699336141324,21.5528768246278,21.6916100010334,24.5905569545698,27.9754107806912,32.0550457638363,36.0183790682833,40.0613793103448,
"St. Martin (French part)","MAF",,,,,,,,,,,,,,,,,,,,,,,,,,,,,,,,,,,,,,,,,,,,,,,,,,,,
"St. Vincent and the Grenadines","VCT",,,,,,,,,,,,,,,,,,,,,,,,,,,,,,,0,,,,,0.128634622147365,0.483248317425638,0.926371956868122,1.8539976825029,2.78200229978857,3.24503741064558,5.09480977832946,5.54959487957379,6.46227416659743,7.37116584201749,9.19827808234299,32.1478433389669,52.29,60.49,69.59,,
"Sudan","SDN",,,,,,,,,,,,,,,,,,,,,,,,,,,,,,,0,,,,0,0,0,0.00123181896794265,0.00480507103171332,0.00879458075588601,0.0257850324762484,0.140185224494161,0.439477639075583,0.538471703150458,0.791561615446385,1.29204067798853,8.09203373417138,8.66,10.16,,,
"Suriname","SUR",,,,,,,,,,,,,,,,,,,,,,,,,,,,,,,0,,,,,0.114720735314025,0.226306296520088,1.00308693643322,1.67014843562543,1.89187135708936,2.50641105226881,3.06444838873752,4.1615687449541,4.71987539528956,6.0760478144456,6.40308628759062,9.49962694173364,14.11,21.06,31.36,31.5680976,
"Swaziland","SWZ",,,,,,,,,,,,,,,,,,,,,,,,,,,,,,,0,,,,,0.00103175004410731,0.0503990089538879,0.088545986358015,0.0980599190310781,0.488768261192136,0.974797746893513,1.36132881138834,1.9404697935248,2.61469561062842,3.48095920731576,4.01484494307692,4.05519714055947,4.55378844468494,7.63739211260125,8.50919541661835,9.00773590909091,
"Sweden","SWE",,,,,,,,,,,,,,,,,,,,,,,,,,,,,,,0.584191656925271,1.16043245501278,1.49970133986496,1.72036700256694,3.41639790705893,5.09803001923997,9.0501699501874,23.7490627602006,33.4738496559677,41.40758542449,45.6260838106396,51.6554645583917,70.3871338856721,78.9282757741513,83.7448032202257,84.8278674061185,87.8585988686753,82.1290692900771,90.1682441510441,91.1232610798606,90.0161900191939,
"Switzerland","CHE",,,,,,,,,,,,,,,,,,,,,,,,,,,,,,,0.592007951982846,1.1695664240144,1.73625753115798,2.15258936701266,2.70733847587232,3.5409158388761,4.54265262436216,15.1033591501989,24.81027926719,33.9654907180034,46.9928617183422,54.9333477135223,61.1490142493507,64.8168296747745,67.5394843175398,69.8916166685603,75.5423678241951,76.8983613417724,78.4287717247399,80.0126519160865,82.166659877332,
"Syrian Arab Republic","SYR",0,,,,,0,,,,,0,,,,,0,0,0,0,0,0,0,0,0,0,0,0,0,0,0,0,0,0,0,0,0,0,0.0326078138234696,0.063687286253526,0.124295462246123,0.181698580104333,0.353759130007247,2.09310101861765,3.39797261356623,4.32159377785571,5.64810604883917,7.85738013913204,,14.0402674425912,17.3134954205264,20.6631556805399,
"Tajikistan","TJK",,,,,,,,,,,,,,,,,,,,,,,,,,,,,,,0,,,,,,,,,0.0327918577817128,0.048599594582182,0.0512591325352927,0.0554628269910006,0.0645837771508553,0.0774799071356825,0.298690023682825,3.77240620666448,7.19761951797855,8.78,10.07,11.5493905146097,
"Tanzania","TZA",,,,,,,,,,,,,,,,,,,,,,,,,,,,,,,0,,,,,,0.00162215453007416,0.00790028300709799,0.00924412514277551,0.0751308885261369,0.11719444010825,0.171300350668948,0.222484413923909,0.676962856510303,0.87757497099259,4.3,5.8,7.2,9,10,11.0000554403336,
"Thailand","THA",0,,,,,0,,,,,0,,,,,0,0,0,0,0,0,0,0,0,0,0,0,0,0,0,0,0.0000522334282658481,0.000343724969840282,0.0135809657197242,0.0386143207353161,0.0748253377083653,0.115472136284834,0.360522184921104,1.09121898525592,2.42624243224657,3.68904127944164,5.55632612097332,7.53125033488567,9.29902723805965,10.6773033237281,15.0260043588909,17.1607147169285,20.03,18.2,20.1,21.2000717687567,
"Timor-Leste","TLS",,,,,,,,,,,,,,,,,,,,,,,,,,,,,,,0,,,,,,,,,,,,0,,,0.0990317678179026,0.116628276525644,0.140958763923202,0.163876815618553,0.185251509799805,0.210066325622776,
"Togo","TGO",0,,,,,0,,,,,0,,,,,0,0,0,0,0,0,0,0,0,0,0,0,0,0,0,0,0,0,0,0,0,0.0109291385259565,0.211139464795239,0.305583935248801,0.590363264291661,1.90567445058453,2.77578178506085,3.6015458555121,3.68543318493907,3.782114602522,4,4.3,4.5,4.8,5.1,5.3798197146649,
"Tonga","TON",,,,,,,,,,,,,,,,,,,,,,,,,,,,,,,0,,,,,0.123231119965495,0.163793456451415,0.510866122423958,0.765134357593193,1.01796711966204,2.4343980443669,2.82537183911525,2.90729731626382,2.98581736750435,3.95237389457043,4.90778276190383,5.85394409483389,7.17986532901248,8.11076994380395,10,12.0066923076923,
"Trinidad and Tobago","TTO",,,,,,,,,,,,,,,,,,,,,,,,,,,,,,,0,,,,,0.158149899218977,0.39308052490401,1.17317465755032,2.72482533869579,5.81425096167711,7.72141147401745,15.384627218944,21.9986754804449,25.9717641091609,27.0242700782714,28.9767124326784,30.0037485791676,32.3,34.8,44.3,48.5168176733781,
"Tunisia","TUN",,,,,,,,,,,,,,,,,,,,,,,,,,,,,,,0,,,,0.00737390961445552,0.0111644951506176,0.0275063297496864,0.0434100034566961,0.107154134162798,1.58665725042648,2.71985382412777,4.24147481251108,5.17356154984288,6.41325750263437,8.42715699869281,9.54255842915068,12.8452749507116,16.9415744393698,27.312575129007,33.8268307435151,36.5625529623661,
"Turkey","TUR",,,,,,,,,,,,,,,,,,,,,,,,,,,,,,,0,,,0.00845773162352282,0.0498691815007811,0.0816912053159931,0.19272493561622,0.47369543212179,0.698805128639542,2.29211768539022,3.761685035075,5.18948146078506,11.38,12.33,14.58,15.46,18.24,28.63,34.37,36.4,39.8201778851441,
"Turkmenistan","TKM",,,,,,,,,,,,,,,,,,,,,,,,,,,,,,,0,,,,,,,,,0.0450207703323929,0.13328218259348,0.175209517731422,0.302132016152841,0.425182631884743,0.754053982724623,0.997256558542959,1.3195731180963,1.40636068812023,1.75,1.95,2.19999781832606,
"Turks and Caicos Islands","TCA",,,,,,,,,,,,,,,,,,,,,,,,,,,,,,,,,,,,,,,,,,,,,,,,,,,,
"Tuvalu","TUV",,,,,,,,,,,,,,,,,,,,,,,,,,,,,,,0,,,,,,,,,,5.24163958486214,,,,,,,10,15,20,25,
"Uganda","UGA",,,,,,,,,,,,,,,,,,,,,,,,,,,,,,,0,,,,,0.00286347126499427,0.00462594814589685,0.010319340979965,0.0652894651965801,0.105543940327651,0.163714063074854,0.237945087191408,0.384093504951945,0.464849840113968,0.719970679914031,1.7422055032439,2.52936303826279,3.67196535074744,7.9,9.78,12.5002554302298,
"Ukraine","UKR",,,,,,,,,,,,,,,,,,,,,,,,,,,,,,,0,,,0.000767551478962701,0.013498423345156,0.0427573130783345,0.0980322976172668,0.197834469814197,0.29937170638911,0.40287802251031,0.712046852380547,1.23276477382202,1.86727118930125,3.13695594733036,3.47650952141552,3.73533831567582,4.48725234538407,6.51800411960176,22.3007213665901,32.9064927269056,44.5853546903272,
"United Arab Emirates","ARE",,,,,,,,,,,,,,,,,,,,,,,,,,,,,,,0,,,,,0.102939174586567,0.375393534255,3.29559269403717,6.90830298573401,14.9426989907479,23.6253008751553,26.2717542010006,28.3164853110439,29.4779534120864,30.1312961695367,40,52,61,72,75,77.9967811501597,
"United Kingdom","GBR",,,,,,,,,,,,,,,,,,,,,,,,,,,,,,,0.0873047929701971,0.17406323573884,0.260366481506035,0.519429037336754,1.03612281750311,1.89445554244035,4.12293580154595,7.38562906583461,13.6701899434749,21.2896275527084,26.8133756999686,33.4749597660708,56.4934826608096,64.8614473596537,65.6362164417218,69.9749171044841,68.7547082809533,74.9785124952512,78.2326888861774,83.3454432232618,84.7317047499679,
"United States","USA",,,,,,,,,,,,,,,,,,,,,,,,,,,,,,,0.796410627779565,1.17618910253072,1.73604557772271,2.27940161861887,4.86911918156372,9.23867420362358,16.4193305307655,21.6153179961584,30.1076044584129,35.8821309347052,43.1301406869155,49.1800068549042,58.957517007289,61.9486817821694,65.0364425615335,68.2678998507782,69.2048477391693,75.2622629168697,74.2178183699969,71.2118162666914,74.2475720044351,
"Uruguay","URY",,,,,,,,,,,,,,,,,,,,,,,,,,,,,,,0,,,,0.0624743855019442,0.310128582411554,1.85371588435533,3.37679025434962,7.0222506180009,10.0287751667951,10.5972266878517,11.1767483535547,11.477636454199,16.0316171235568,17.1645705179726,20.1903161165413,29.5151796397972,34.1188806181643,39.440447569504,41.9556188485407,47.8674686327078,
"Uzbekistan","UZB",,,,,,,,,,,,,,,,,,,,,,,,,,,,,,,0,,,,,0.00153609831029186,0.00430766687593153,0.010574654419073,0.0208203885635062,0.0307756779696119,0.486805541469747,0.599435942904949,1.08206937660968,1.90675973345245,2.57810009045667,3.31545210699597,6.32205450703018,7.38907754743489,8.91697809796783,16.6656953946879,19.4450205469746,
"Vanuatu","VUT",,,,,,,,,,,,,,,,,,,,,,,,,,,,,,,0,,,,,,0.056845635676321,0.139505814602353,0.274185941938385,0.538300048447004,2.10833689115184,2.83057223877678,3.51003871071264,3.90329584542948,4.74660261917533,5.08233380768449,5.85058505850585,6.8,7.26911992337492,7.5,7.98836666666667,
"Venezuela, RB","VEN",,,,,,,,,,,,,,,,,,,,,,,,,,,,,,,0,,0.0120682341547255,0.0415529571362499,0.0554527338403358,0.12216998848226,0.248230217650765,0.391014166806231,1.38466060333903,2.84211183414252,3.36475259690522,4.64455428997556,4.92083108395613,7.51818988964121,8.42795012417732,12.5941478621909,15.2797510254848,20.9136951719245,25.9934745587972,31.3493970405862,35.8504369560241,
"Vietnam","VNM",,,,,,,,,,,,,,,,,,,,,,,,,,,,,,,0,,,,,,0.000138426102765743,0.00407864640131793,0.0133496302402526,0.131105043477015,0.257939663772929,1.28188903551834,1.877433222652,3.82296806538607,7.71985729218874,12.8586248555276,17.4124960587503,20.949232093562,24.1531271481151,26.8204143347864,27.8518215557703,
"Virgin Islands (U.S.)","VIR",,,,,,,,,,,,,,,,,,,,,,,,,,,,,,,0,,,,0.931380561661869,2.78119315245536,4.62366878021185,6.91938404980386,9.21089190540308,11.0460515650932,13.7988034194372,18.3722175180695,27.4969565855885,27.4225391457454,27.3559792075912,27.2851900769526,27.2422189919056,27.23179180492,27.2339861627127,27.2445909557979,,
"West Bank and Gaza","PSE",,,,,,,,,,,,,,,,,,,,,,,,,,,,,,,0,,,,,,,,,,1.18322314980939,1.93987834756186,3.23085090738136,4.23579375822774,4.44037725598821,15.9194119114104,18.0940773849229,20.6017226683994,23.6727692614423,31.3328538208922,36.4227717919075,
"Yemen, Rep.","YEM",,,,,,,,,,,,,,,,,,,,,,,,,,,,,,,0,,,,,,0.000621080747577506,0.015025295385287,0.0233232425324517,0.0566286752434948,0.0825003865143108,0.0908024587169292,0.518796032123435,0.604734100431821,0.881222988679516,1.04859793417826,1.24782404904485,5.01,6.89,9.96,12.3497504635596,
"Zambia","ZMB",,,,,,,,,,,,,,,,,,,,,,,,,,,,,,,0,,,,0.00677610528441347,0.00878362302271039,0.00906917604721776,0.00932965786278686,0.0302261825238258,0.147053172074171,0.191071642503428,0.233129556342332,0.477750906947484,0.980483039426114,2.01354953218533,2.85175226129009,4.15991339393107,4.87,5.55,6.31,10.1249864624429,
"Zimbabwe","ZWE",,,,,,,,,,,,,,,,,,,,,,,,,,,,,,,0,,,,0.00173927955909959,0.00768353991953285,0.016790483892511,0.033080326724463,0.0816484762026535,0.161675527563414,0.401433535211582,0.799846045633137,3.99435613455612,6.39478645849612,6.5640450271075,8.01597808880485,9.79184150186944,10.85,11.4,11.36,11.5004153209769,
"Source: World Bank: http://data.worldbank.org/indicator/IT.NET.USER.P2?page=1&cid=GPD_44"